{
  "id": "2064177",
  "name": "koa-blog",
  "font_family": "iconfont",
  "css_prefix_text": "icon-",
  "description": "",
  "glyphs": [
    {
      "icon_id": "1004582",
      "name": "可见-显示",
      "font_class": "kejianxianshi",
      "unicode": "e620",
      "unicode_decimal": 58912
    },
    {
      "icon_id": "8156726",
      "name": "容器",
      "font_class": "rongqi",
      "unicode": "e63b",
      "unicode_decimal": 58939
    },
    {
      "icon_id": "9626960",
      "name": "消息",
      "font_class": "xiaoxi",
      "unicode": "e884",
      "unicode_decimal": 59524
    },
    {
      "icon_id": "1125622",
      "name": "喜欢",
      "font_class": "xihuan",
      "unicode": "e63c",
      "unicode_decimal": 58940
    },
    {
      "icon_id": "2742655",
      "name": "时间",
      "font_class": "shijian",
      "unicode": "e675",
      "unicode_decimal": 58997
    },
    {
      "icon_id": "9809642",
      "name": "首页",
      "font_class": "shouye",
      "unicode": "e659",
      "unicode_decimal": 58969
    }
  ]
}
