{
  "id": "2064177",
  "name": "koa-blog",
  "font_family": "iconfont",
  "css_prefix_text": "icon-",
  "description": "",
  "glyphs": [
    {
      "icon_id": "435978",
      "name": "微信",
      "font_class": "weixin",
      "unicode": "e7e5",
      "unicode_decimal": 59365
    },
    {
      "icon_id": "436026",
      "name": "QQ空间",
      "font_class": "qqkongjian",
      "unicode": "e80f",
      "unicode_decimal": 59407
    },
    {
      "icon_id": "579861",
      "name": "微博",
      "font_class": "weibo",
      "unicode": "e63d",
      "unicode_decimal": 58941
    },
    {
      "icon_id": "785018",
      "name": "豆瓣",
      "font_class": "douban",
      "unicode": "e64d",
      "unicode_decimal": 58957
    },
    {
      "icon_id": "1244212",
      "name": "有道云笔记",
      "font_class": "youdaoyunbiji",
      "unicode": "e69c",
      "unicode_decimal": 59036
    },
    {
      "icon_id": "5485635",
      "name": "链接",
      "font_class": "lianjie",
      "unicode": "e60c",
      "unicode_decimal": 58892
    },
    {
      "icon_id": "5634881",
      "name": "twitter",
      "font_class": "twitter",
      "unicode": "f24d",
      "unicode_decimal": 62029
    },
    {
      "icon_id": "11981609",
      "name": "facebook",
      "font_class": "facebook",
      "unicode": "e953",
      "unicode_decimal": 59731
    },
    {
      "icon_id": "1004582",
      "name": "可见-显示",
      "font_class": "kejianxianshi",
      "unicode": "e620",
      "unicode_decimal": 58912
    },
    {
      "icon_id": "8156726",
      "name": "容器",
      "font_class": "rongqi",
      "unicode": "e63b",
      "unicode_decimal": 58939
    },
    {
      "icon_id": "9626960",
      "name": "消息",
      "font_class": "xiaoxi",
      "unicode": "e884",
      "unicode_decimal": 59524
    },
    {
      "icon_id": "1125622",
      "name": "喜欢",
      "font_class": "xihuan",
      "unicode": "e63c",
      "unicode_decimal": 58940
    },
    {
      "icon_id": "2742655",
      "name": "时间",
      "font_class": "shijian",
      "unicode": "e675",
      "unicode_decimal": 58997
    },
    {
      "icon_id": "9809642",
      "name": "首页",
      "font_class": "shouye",
      "unicode": "e659",
      "unicode_decimal": 58969
    }
  ]
}
